subject	A1	A2	B1	B2	C1	C2	DMA1	DMA2	DMB1	DMB2	DOA1	DOA2	DPA11	DPA12	DPB11	DPB12	DQA11	DQA12	DQB11	DQB12	DRA1	DRA2	DRB11	DRB12	E1	E2	F1	F2	H1	H2	K1	K2	L1	L2	DOB1	DOB2	DRB31	DRB32	DRB51	DRB52	G1	G2
exp16_115_S1_L001_R2_001	A*11:01:01	A*25:01:01	B*13:02:01	B*13:02:01	C*05:01:01	C*06:02:01	DMA*01:01:01	DMA*01:01:01	DMB*01:07	DMB*01:01:01	DOA*01:01:01	DOA*01:01:02	DPA1*01:03:01	DPA1*01:03:01	DPB1*04:01:01	DPB1*04:01:01	DQA1*03:01:01	DQA1*01:01:01	DQB1*05:01:01	DQB1*03:02:01	DRA*01:01:01	DRA*01:01:01	DRB1*04:01:01	DRB1*01:01:01	E*01:01:01	E*01:01:01	F*01:01:01	F*01:01:02	H*02:04	H*02:06	K*01:01:01	K*01:01:01	L*01:02	L*01:02								
exp16_119_S1_L001_R2_001	A*01:01:01	A*25:01:01	B*08:01:01	B*18:01:01	C*07:01:01	C*12:03:01	DMA*01:01:01	DMA*01:01:01	DMB*01:01:01	DMB*01:01:01	DOA*01:01:02	DOA*01:01:02	DPA1*01:03:01	DPA1*02:01:02	DPB1*01:01:01	DPB1*02:01:02	DQA1*03:01:01	DQA1*05:01:01	DQB1*03:02:01	DQB1*02:01:01	DRA*01:01:01	DRA*01:02:02	DRB1*04:01:01	DRB1*03:01:01	E*01:01:01	E*01:01:01	F*01:01:01	F*01:01:01	H*01:02	H*02:01:01	K*01:01:01	K*01:01:01	L*01:02	L*01:02	DOB*01:01:01	DOB*01:01:03	DRB3*01:01:02	DRB3*01:01:02				
R19_116_S1_L001_R2_001	A*11:01:01	A*32:01:01	B*48:01:01	B*46:01:01	C*01:02:01	C*03:04:01	DMA*01:02	DMA*01:02	DMB*01:01:01	DMB*01:01:01	DOA*01:01:01	DOA*01:01:02	DPA1*01:03:01	DPA1*02:02:02	DPB1*04:02:01	DPB1*05:01:01	DQA1*03:01:01	DQA1*03:03:01	DQB1*04:01:01	DQB1*03:02:01	DRA*01:01:01	DRA*01:01:01	DRB1*04:01:01	DRB1*04:05:01	E*01:01:01	E*01:03:01	F*01:01:01	F*01:01:01	H*01:01:01	H*02:03	K*01:01:01	K*01:01:01	L*01:02	L*01:02								
R18_216_S1_L001_R2_001	A*30:01:01	A*26:01:01	B*38:01:01	B*38:01:01	C*05:01:01	C*12:03:01	DMA*01:01:01	DMA*01:01:01	DMB*01:03:01	DMB*01:03:01	DOA*01:01:02	DOA*01:01:04	DPA1*01:03:01	DPA1*02:01:02	DPB1*01:01:01	DPB1*04:01:01	DQA1*01:03:01	DQA1*03:01:01	DQB1*06:03:01	DQB1*03:02:01	DRA*01:01:01	DRA*01:02:02	DRB1*04:02:01	DRB1*13:01:01	E*01:01:01	E*01:03:01	F*01:01:01	F*01:01:01			K*01:01:01	K*01:01:01	L*01:02	L*01:02			DRB3*01:01:02	DRB3*01:01:02				
R20_204_S1_L001_R2_001	A*01:01:01	A*02:01:01	B*08:01:01	B*41:02:01	C*17:03	C*07:01:01	DMA*01:01:01	DMA*01:01:01	DMB*01:01:01	DMB*01:01:01	DOA*01:01:01	DOA*01:01:02	DPA1*01:03:01	DPA1*02:01:02	DPB1*01:01:01	DPB1*02:01:02	DQA1*01:03:01	DQA1*05:01:01	DQB1*06:03:01	DQB1*06:03:01	DRA*01:02:02	DRA*01:02:02	DRB1*03:01:01	DRB1*13:01:01	E*01:01:01	E*01:03:02	F*01:01:01	F*01:01:01	H*01:01:01	H*02:01:01	K*01:01:01	K*01:02	L*01:02	L*01:02			DRB3*01:01:02	DRB3*01:01:02				
R18_107_S1_L001_R2_001	A*01:01:01	A*11:01:01	B*08:01:01	B*15:07:01	C*07:01:01	C*03:04:01	DMA*01:01:01	DMA*01:01:01	DMB*01:01:01	DMB*01:01:01	DOA*01:01:01	DOA*01:01:02	DPA1*01:03:01	DPA1*02:01:01	DPB1*14:01:01	DPB1*02:01:02	DQA1*03:01:01	DQA1*05:01:01	DQB1*02:01:01	DQB1*03:02:01	DRA*01:01:01	DRA*01:02:02	DRB1*04:04:01	DRB1*03:01:01	E*01:01:01	E*01:01:01	F*01:01:01	F*01:01:02	H*02:04	H*02:06	K*01:01:01	K*01:01:01	L*01:02	L*01:02	DOB*01:01:01	DOB*01:01:03	DRB3*01:01:02	DRB3*01:01:02	DRB5*02:02	DRB5*02:02		
R20_209_S1_L001_R2_001	A*24:02:01	A*02:01:01	B*40:01:02	B*37:01:01	C*06:02:01	C*03:04:01	DMA*01:01:01	DMA*01:01:01	DMB*01:01:01	DMB*01:01:01	DOA*01:01:01	DOA*01:01:01	DPA1*01:03:01	DPA1*01:03:01	DPB1*03:01:01	DPB1*02:01:02	DQA1*05:05:01	DQA1*01:02:01	DQB1*03:01:01	DQB1*06:02:01	DRA*01:02:02	DRA*01:02:03	DRB1*12:01:01	DRB1*15:01:01	E*01:01:01	E*01:03:02	F*01:01:01	F*01:01:01	H*01:01:01	H*01:01:01	K*01:02	K*01:02	L*01:02	L*01:02			DRB3*02:02:01	DRB3*02:02:01	DRB5*01:01:01	DRB5*01:01:01		
R20_301_S1_L001_R2_001	A*02:01:01	A*68:01:02	B*07:02:01	B*08:01:01	C*07:01:01	C*07:02:01	DMA*01:01:01	DMA*01:02	DMB*01:01:01	DMB*01:01:01	DOA*01:01:04	DOA*01:01:04	DPA1*01:03:01	DPA1*01:03:01	DPB1*04:01:01	DPB1*04:01:01	DQA1*03:01:01	DQA1*05:01:01	DQB1*02:01:01	DQB1*03:02:01	DRA*01:01:01	DRA*01:02:02	DRB1*04:01:01	DRB1*03:01:01	E*01:01:01	E*01:01:01	F*01:01:01	F*01:01:01	H*01:01:01	H*02:05	K*01:01:01	K*01:02	L*01:02	L*01:02			DRB3*01:01:02	DRB3*01:01:02				
R18_104_S1_L001_R2_001	A*01:11N	A*01:11N	B*08:01:01	B*08:01:01	C*07:01:01	C*07:01:01	DMA*01:01:01	DMA*01:02	DMB*01:01:01	DMB*01:01:01	DOA*01:01:01	DOA*01:01:02	DPA1*01:03:01	DPA1*01:03:01	DPB1*04:01:01	DPB1*04:01:01	DQA1*03:01:01	DQA1*05:01:01	DQB1*02:01:01	DQB1*03:02:01	DRA*01:01:01	DRA*01:02:02	DRB1*04:01:01	DRB1*03:01:01	E*01:01:01	E*01:01:01	F*01:01:01	F*01:01:01	H*02:01:01	H*02:06			L*01:02	L*01:02			DRB3*01:01:02	DRB3*01:01:02				
R18_102_S1_L001_R2_001	A*02:01:01	A*02:01:01	B*15:01:01	B*18:01:01	C*12:03:01	C*03:04:01	DMA*01:01:01	DMA*01:01:01	DMB*01:01:01	DMB*01:01:01	DOA*01:01:01	DOA*01:01:02	DPA1*01:03:01	DPA1*01:03:01	DPB1*04:01:01	DPB1*04:01:01	DQA1*03:01:01	DQA1*03:01:01	DQB1*03:02:01	DQB1*03:02:01	DRA*01:01:01	DRA*01:01:01	DRB1*04:01:01	DRB1*04:01:01	E*01:01:01	E*01:03:02	F*01:01:01	F*01:01:01	H*01:01:01	H*01:01:01	K*01:02	K*01:02	L*01:02	L*01:02								
exp16_128_S1_L001_R2_001	A*01:01:01	A*02:01:01	B*08:01:01	B*08:01:01	C*07:01:01	C*07:01:01	DMA*01:01:01	DMA*01:01:01	DMB*01:03:01	DMB*01:01:01	DOA*01:01:02	DOA*01:01:02	DPA1*01:03:01	DPA1*01:03:01	DPB1*04:01:01	DPB1*04:01:01	DQA1*05:01:01	DQA1*05:01:01	DQB1*02:01:01	DQB1*02:01:01	DRA*01:02:02	DRA*01:02:02	DRB1*03:01:01	DRB1*03:01:01	E*01:01:01	E*01:01:01	F*01:01:01	F*01:01:01	H*01:01:01	H*02:01:01	K*01:01:01	K*01:02	L*01:02	L*01:02	DOB*01:01:03	DOB*01:01:03	DRB3*01:01:02	DRB3*01:01:02				
exp16_205_S1_L001_R2_001	A*25:01:01	A*02:01:01	B*15:01:01	B*07:05:01	C*15:05:02	C*03:03:01	DMA*01:01:01	DMA*01:01:01	DMB*01:01:01	DMB*01:01:01	DOA*01:01:02	DOA*01:01:02	DPA1*01:03:01	DPA1*01:03:01	DPB1*04:02:01	DPB1*04:01:01	DQA1*01:05:01	DQA1*05:05:01	DQB1*05:01:01	DQB1*03:01:01	DRA*01:01:01	DRA*01:02:02	DRB1*10:01:01	DRB1*13:03:01	E*01:01:01	E*01:01:01	F*01:01:01	F*01:01:01	H*01:01:01	H*02:06	K*01:01:01	K*01:02	L*01:02	L*01:02			DRB3*01:01:02	DRB3*01:01:02			G*01:01:02	G*01:01:02
R18_101_S1_L001_R2_001	A*01:01:01	A*26:01:01	B*08:01:01	B*35:01:01	C*07:01:01	C*04:01:01	DMA*01:01:01	DMA*01:01:01	DMB*01:01:01	DMB*01:01:01	DOA*01:01:01	DOA*01:01:02	DPA1*01:03:01	DPA1*02:01:02	DPB1*01:01:01	DPB1*04:01:01	DQA1*03:01:01	DQA1*05:01:01	DQB1*02:01:01	DQB1*03:02:01	DRA*01:01:01	DRA*01:02:02	DRB1*04:01:01	DRB1*03:01:01	E*01:01:01	E*01:01:01	F*01:01:01	F*01:01:01	H*01:02	H*02:01:01	K*01:01:01	K*01:01:01	L*01:02	L*01:02			DRB3*01:01:02	DRB3*01:01:02				
R19_202_S1_L001_R2_001	A*02:01:01	A*02:01:01	B*07:02:01	B*07:02:01	C*07:02:01	C*04:01:01	DMA*01:01:01	DMA*01:02	DMB*01:01:01	DMB*01:01:01	DOA*01:01:02	DOA*01:01:04	DPA1*01:03:01	DPA1*02:01:01	DPB1*13:01:01	DPB1*04:01:01	DQA1*02:01:01	DQA1*01:02:01	DQB1*06:02:01	DQB1*03:03:02	DRA*01:01:02	DRA*01:02:03	DRB1*07:01:01	DRB1*15:01:01	E*01:03:02	E*01:03:02	F*01:01:01	F*01:01:01	H*01:01:01	H*02:06	K*01:02	K*01:02	L*01:02	L*01:02	DOB*01:05	DOB*01:01:01			DRB5*01:01:01	DRB5*01:01:01		
R19_111_S1_L001_R2_001	A*03:01:01	A*32:01:01	B*27:05:02	B*51:01:01	C*01:02:01	C*01:02:01	DMA*01:01:01	DMA*01:01:01	DMB*01:01:01	DMB*01:01:01	DOA*01:01:02	DOA*01:01:02	DPA1*01:03:01	DPA1*01:03:01	DPB1*03:01:01	DPB1*04:01:01	DQA1*01:01:01	DQA1*01:01:01	DQB1*05:01:01	DQB1*05:01:01	DRA*01:01:01	DRA*01:01:01	DRB1*01:01:01	DRB1*01:01:01	E*01:01:01	E*01:03:02	F*01:01:02	F*01:03:01	H*02:04	H*02:03	K*01:01:01	K*01:01:01	L*01:02	L*01:02					DRB5*01:02	DRB5*01:02		
exp16_123_S1_L001_R2_001	A*01:01:01	A*03:01:01	B*08:01:01	B*35:03:01	C*07:01:01	C*04:01:01	DMA*01:01:01	DMA*01:01:01	DMB*01:01:01	DMB*01:01:01	DOA*01:01:01	DOA*01:01:02	DPA1*01:03:01	DPA1*01:03:01	DPB1*04:01:01	DPB1*04:01:01	DQA1*05:01:01	DQA1*01:01:01	DQB1*05:01:01	DQB1*02:01:01	DRA*01:01:01	DRA*01:02:02	DRB1*01:01:01	DRB1*03:01:01	E*01:01:01	E*01:03:02	F*01:03:01	F*01:01:01	H*02:01:01	H*02:04	K*01:01:01	K*01:01:01	L*01:02	L*01:02			DRB3*01:01:02	DRB3*01:01:02				
R20_125_S1_L001_R2_001	A*01:11N	A*01:11N	B*08:01:01	B*08:01:01	C*07:01:01	C*07:01:01	DMA*01:01:01	DMA*01:02	DMB*01:01:01	DMB*01:01:01	DOA*01:01:01	DOA*01:01:02	DPA1*01:03:01	DPA1*02:01:01	DPB1*09:01:01	DPB1*04:01:01	DQA1*05:01:01	DQA1*05:01:01	DQB1*02:01:01	DQB1*02:01:01	DRA*01:02:02	DRA*01:02:02	DRB1*03:01:01	DRB1*03:01:01	E*01:01:01	E*01:01:01	F*01:01:01	F*01:01:01	H*02:01:01	H*02:06	K*01:01:01	K*01:01:01	L*01:02	L*01:02			DRB3*01:01:02	DRB3*01:01:02				
R18_212_S1_L001_R2_001	A*01:01:01	A*02:01:01	B*57:01:01	B*57:01:01	C*07:04:01	C*06:02:01	DMA*01:01:01	DMA*01:02	DMB*01:01:01	DMB*01:01:01			DPA1*01:03:01	DPA1*01:03:01	DPB1*04:01:01	DPB1*04:01:01	DQA1*02:01:01	DQA1*01:02:02	DQB1*05:02:01	DQB1*03:03:02	DRA*01:01:01	DRA*01:01:02	DRB1*07:01:01	DRB1*16:01:01	E*01:01:01	E*01:01:01	F*01:01:01	F*01:01:01			K*01:01:01	K*01:02	L*01:02	L*01:02					DRB5*02:02	DRB5*02:02		
R19_120_S1_L001_R2_001	A*26:01:01	A*68:01:02	B*38:01:01	B*18:01:01	C*07:01:01	C*12:03:01	DMA*01:01:01	DMA*01:01:01	DMB*01:03:01	DMB*01:01:01	DOA*01:01:01	DOA*01:01:02	DPA1*01:03:01	DPA1*01:03:01	DPB1*02:01:02	DPB1*04:01:01	DQA1*03:01:01	DQA1*01:02:02	DQB1*05:02:01	DQB1*03:02:01	DRA*01:01:01	DRA*01:01:01	DRB1*04:02:01	DRB1*16:01:01	E*01:03:01	E*01:03:02	F*01:01:01	F*01:01:02	H*01:02	H*02:05	K*01:01:01	K*01:01:01	L*01:02	L*01:02					DRB5*02:02	DRB5*02:02		
R20_210_S1_L001_R2_001	A*25:01:01	A*02:01:01	B*18:01:01	B*27:05:02	C*02:02:02	C*12:03:01	DMA*01:01:01	DMA*01:01:01	DMB*01:01:01	DMB*01:01:01	DOA*01:01:02	DOA*01:01:02	DPA1*01:03:01	DPA1*01:03:01	DPB1*03:01:01	DPB1*04:01:01	DQA1*01:01:01	DQA1*01:01:01	DQB1*05:01:01	DQB1*05:01:01	DRA*01:01:01	DRA*01:01:01	DRB1*01:01:01	DRB1*01:01:01	E*01:01:01	E*01:01:01	F*01:01:01	F*01:01:01	H*01:01:01	H*01:02	K*01:01:01	K*01:02	L*01:02	L*01:02								
R19_110_S1_L001_R2_001	A*24:02:01	A*02:01:01	B*15:17:01	B*08:01:01	C*07:01:01	C*07:01:02	DMA*01:01:01	DMA*01:01:01	DMB*01:01:01	DMB*01:01:01	DOA*01:02	DOA*01:01:02	DPA1*02:01:02	DPA1*02:02:02	DPB1*01:01:01	DPB1*04:01:01	DQA1*01:03:01	DQA1*05:01:01	DQB1*06:01:01	DQB1*02:01:01	DRA*01:02:02	DRA*01:02:02	DRB1*15:02:01	DRB1*03:01:01	E*01:03:01	E*01:03:02	F*01:01:01	F*01:01:01	H*01:01:01	H*02:06	K*01:02	K*01:02	L*01:02	L*01:02	DOB*01:01:03	DOB*01:02:02	DRB3*01:01:02	DRB3*01:01:02	DRB5*01:02	DRB5*01:02		
R19_114_S1_L001_R2_001	A*31:01:02	A*02:01:01	B*56:01:01	B*56:01:01	C*07:04:01	C*01:02:01	DMA*01:01:01	DMA*01:01:01	DMB*01:03:01	DMB*01:01:01	DOA*01:01:01	DOA*01:01:02	DPA1*01:03:01	DPA1*01:03:01	DPB1*04:01:01	DPB1*04:01:01	DQA1*03:01:01	DQA1*03:02	DQB1*03:02:01	DQB1*03:03:02	DRA*01:01:01	DRA*01:01:01	DRB1*04:01:01	DRB1*09:01:02	E*01:01:01	E*01:03:01	F*01:01:01	F*01:01:01	H*01:01:01	H*02:04	K*01:01:01	K*01:02	L*01:02	L*01:02					DRB5*02:02	DRB5*02:02		
R18_211_S1_L001_R2_001	A*03:01:01	A*02:01:01	B*07:02:01	B*51:01:01	C*15:02:01	C*07:02:01	DMA*01:01:01	DMA*01:01:01	DMB*01:03:01	DMB*01:01:01	DOA*01:01:02	DOA*01:01:02	DPA1*01:03:01	DPA1*01:03:01	DPB1*04:01:01	DPB1*04:01:01	DQA1*03:01:01	DQA1*01:02:01	DQB1*06:02:01	DQB1*03:02:01	DRA*01:01:01	DRA*01:02:03	DRB1*04:04:01	DRB1*15:01:01	E*01:01:01	E*01:03:02	F*01:03:01	F*01:04	H*01:01:01	H*02:04	K*01:01:01	K*01:02	L*01:02	L*01:02					DRB5*01:01:01	DRB5*01:01:01		
R19_113_S1_L001_R2_001	A*33:01:01	A*02:01:01	B*55:02:01	B*14:02:01	C*08:02:01	C*01:02:01	DMA*01:01:01	DMA*01:02	DMB*01:01:01	DMB*01:01:01	DOA*01:01:02	DOA*01:01:05	DPA1*01:03:01	DPA1*01:03:01	DPB1*02:01:02	DPB1*04:01:01	DQA1*01:01:02	DQA1*04:01:01	DQB1*04:02:01	DQB1*05:01:01	DRA*01:01:01	DRA*01:02:02	DRB1*01:02:01	DRB1*08:01:01	E*01:01:01	E*01:01:01	F*01:01:01	F*01:01:02	H*01:01:01	H*02:04	K*01:01:01	K*01:02	L*01:02	L*01:02	DOB*01:01:01	DOB*01:01:01						
exp16_215_S1_L001_R2_001	A*33:03:01	A*23:01:01	B*44:03:32	B*58:01:01	C*04:01:01	C*03:02:02	DMA*01:01:01	DMA*01:01:01	DMB*01:01:01	DMB*01:01:01	DOA*01:01:02	DOA*01:01:02	DPA1*01:03:01	DPA1*01:03:01	DPB1*15:01:01	DPB1*02:01:02	DQA1*02:01:01	DQA1*01:01:01	DQB1*05:01:01	DQB1*02:02:01	DRA*01:01:01	DRA*01:01:01	DRB1*01:01:01	DRB1*07:01:01	E*01:01:01	E*01:01:01	F*01:01:02	F*01:03:01	H*01:02	H*02:04	K*01:01:01	K*01:01:01	L*01:02	L*01:02								
R20_303_S1_L001_R2_001	A*01:01:01	A*01:01:01	B*08:01:01	B*08:01:01	C*07:01:01	C*07:01:01	DMA*01:01:01	DMA*01:01:01	DMB*01:01:01	DMB*01:01:01	DOA*01:01:01	DOA*01:01:04	DPA1*01:03:01	DPA1*01:03:01	DPB1*04:01:01	DPB1*04:01:01	DQA1*03:02	DQA1*05:01:01	DQB1*02:01:01	DQB1*03:03:02	DRA*01:01:01	DRA*01:02:02	DRB1*09:01:02	DRB1*03:01:01	E*01:01:01	E*01:01:01	F*01:01:01	F*01:01:01	H*02:01:01	H*02:01:01	K*01:01:01	K*01:01:01	L*01:01:02	L*01:02			DRB3*01:01:02	DRB3*01:01:02	DRB5*01:01:01	DRB5*01:01:01		
R19_201_S1_L001_R2_001	A*02:01:01	A*02:01:01	B*15:01:01	B*27:05:02	C*02:02:02	C*04:01:01	DMA*01:01:01	DMA*01:02	DMB*01:01:01	DMB*01:01:01	DOA*01:01:02	DOA*01:01:02	DPA1*01:03:01	DPA1*02:01:01	DPB1*13:01:01	DPB1*02:01:02	DQA1*02:01:01	DQA1*01:02:02	DQB1*05:02:01	DQB1*03:03:02	DRA*01:01:01	DRA*01:01:02	DRB1*07:01:01	DRB1*16:01:01	E*01:01:01	E*01:03:02	F*01:01:01	F*01:01:01	H*01:01:01	H*01:01:01	K*01:02	K*01:02	L*01:02	L*01:02	DOB*01:01:01	DOB*01:01:03			DRB5*02:02	DRB5*02:02		
R18_108_S1_L001_R2_001	A*03:01:01	A*23:01:01	B*15:220	B*44:03:01	C*04:01:01	C*12:03:01	DMA*01:01:01	DMA*01:01:01	DMB*01:01:01	DMB*01:01:01	DOA*01:01:02	DOA*01:01:02	DPA1*01:03:01	DPA1*01:03:01	DPB1*104:01	DPB1*04:01:01	DQA1*02:01:01	DQA1*05:01:01	DQB1*02:01:01	DQB1*03:02:01	DRA*01:01:01	DRA*01:01:01	DRB1*07:01:01	DRB1*03:01:01	E*01:01:01	E*01:01:01	F*01:03:01	F*01:03:01	H*02:04	H*02:04	K*01:01:01	K*01:01:01	L*01:02	L*01:02			DRB3*02:02:01	DRB3*02:02:01				
exp16_117_S1_L001_R2_001	A*01:01:01	A*24:02:01	B*13:02:01	B*15:18:01	C*07:04:01	C*06:02:01	DMA*01:01:01	DMA*01:02	DMB*01:01:01	DMB*01:01:01	DOA*01:01:02	DOA*01:01:02	DPA1*01:03:01	DPA1*01:03:01	DPB1*04:01:01	DPB1*04:01:01	DQA1*02:01:01	DQA1*03:01:01	DQB1*02:02:01	DQB1*03:02:01	DRA*01:01:01	DRA*01:01:01	DRB1*04:01:01	DRB1*07:01:01	E*01:01:01	E*01:01:01	F*01:01:01	F*01:01:01	H*02:01:01	H*02:06			L*01:02	L*01:02	DOB*01:01:01	DOB*01:01:01						
exp16_213_S1_L001_R2_001	A*01:01:01	A*24:02:01	B*44:02:01	B*58:01:01	C*07:04:01	C*03:02:02	DMA*01:01:01	DMA*01:01:01	DMB*01:01:01	DMB*01:01:01	DOA*01:01:02	DOA*01:01:02	DPA1*01:03:01	DPA1*01:03:01	DPB1*02:01:02	DPB1*04:01:01	DQA1*03:01:01	DQA1*03:01:01	DQB1*03:02:01	DQB1*03:02:01	DRA*01:01:01	DRA*01:01:01	DRB1*04:04:01	DRB1*04:04:01	E*01:06	E*01:01:01	F*01:01:01	F*01:01:01					L*01:02	L*01:02	DOB*01:01:01	DOB*01:01:01						
exp16_112_S1_L001_R2_001	A*03:01:01	A*02:02:01	B*18:01:01	B*40:02:01	C*07:01:01	C*02:02:02	DMA*01:01:01	DMA*01:02	DMB*01:03:01	DMB*01:01:01	DOA*01:01:02	DOA*01:01:04	DPA1*01:03:01	DPA1*02:01:01	DPB1*17:01	DPB1*02:01:02	DQA1*01:05:01	DQA1*03:02	DQB1*05:01:01	DQB1*03:03:02	DRA*01:01:01	DRA*01:01:01	DRB1*10:01:01	DRB1*09:01:02	E*01:01:01	E*01:03:02	F*01:03:01	F*01:03:01	H*01:01:01	H*02:04	K*01:01:01	K*01:02	L*01:02	L*01:02	DOB*01:01:01	DOB*01:01:01	DRB3*01:01:02	DRB3*01:01:02				
R20_208_S1_L001_R2_001	A*33:03:01	A*02:01:01	B*08:01:01	B*40:01:02	C*07:01:01	C*03:04:01	DMA*01:01:01	DMA*01:01:01	DMB*01:03:01	DMB*01:01:01	DOA*01:01:01	DOA*01:01:01	DPA1*01:03:01	DPA1*01:03:01	DPB1*02:01:02	DPB1*04:01:01	DQA1*05:01:01	DQA1*01:02:01	DQB1*06:03:01	DQB1*02:01:01	DRA*01:02:02	DRA*01:02:02	DRB1*13:02:01	DRB1*03:01:01	E*01:01:01	E*01:03:02	F*01:01:01	F*01:01:02	H*01:01:01	H*02:04	K*01:01:01	K*01:02	L*01:02	L*01:02	DOB*01:01:01	DOB*01:01:01	DRB3*01:01:02	DRB3*03:01:01				
R18_106_S1_L001_R2_001	A*02:01:01	A*02:01:01	B*15:01:01	B*44:27:01	C*07:04:01	C*03:04:01	DMA*01:01:01	DMA*01:01:01	DMB*01:01:01	DMB*01:01:01	DOA*01:01:01	DOA*01:01:04	DPA1*01:03:01	DPA1*01:03:01	DPB1*04:01:01	DPB1*04:01:01	DQA1*03:01:01	DQA1*01:02:02	DQB1*05:02:01	DQB1*03:02:01	DRA*01:01:01	DRA*01:01:01	DRB1*04:01:01	DRB1*16:01:01	E*01:01:01	E*01:03:02	F*01:01:01	F*01:01:01	H*01:01:01	H*01:01:01	K*01:02	K*01:02	L*01:02	L*01:02					DRB5*02:02	DRB5*02:02		
exp16_124_S1_L001_R2_001	A*02:01:01	A*02:01:01	B*07:02:01	B*07:02:01	C*07:02:01	C*07:02:01	DMA*01:01:01	DMA*01:01:01	DMB*01:03:01	DMB*01:01:01	DOA*01:01:01	DOA*01:01:02	DPA1*01:03:01	DPA1*01:03:01	DPB1*06:01	DPB1*04:01:01	DQA1*03:01:01	DQA1*01:01:01	DQB1*05:01:01	DQB1*03:02:01	DRA*01:01:01	DRA*01:01:01	DRB1*01:01:01	DRB1*04:04:01	E*01:01:01	E*01:01:01	F*01:01:01	F*01:01:01	H*01:01:01	H*01:01:01	K*01:02	K*01:02	L*01:02	L*01:02	DOB*01:01:01	DOB*01:01:01						
R20_130_S1_L001_R2_001	A*01:01:01	A*02:01:01	B*08:01:01	B*50:01:01	C*07:01:01	C*06:02:01	DMA*01:01:01	DMA*01:01:01	DMB*01:03:01	DMB*01:01:01	DOA*01:01:01	DOA*01:01:04	DPA1*01:03:01	DPA1*02:01:01	DPB1*17:01	DPB1*04:01:01	DQA1*05:01:01	DQA1*05:01:01	DQB1*02:01:01	DQB1*02:01:01	DRA*01:01:01	DRA*01:02:02	DRB1*03:01:01	DRB1*03:01:01	E*01:01:01	E*01:03:02	F*01:01:01	F*01:01:01	H*01:01:01	H*02:01:01	K*01:01:01	K*01:02	L*01:02	L*01:02			DRB3*01:01:02	DRB3*02:02:01				
exp16_129_S1_L001_R2_001	A*01:01:01	A*02:01:01	B*35:01:01	B*35:01:01	C*04:01:01	C*05:01:01	DMA*01:01:01	DMA*01:01:01	DMB*01:03:01	DMB*01:01:01	DOA*01:01:02	DOA*01:01:02	DPA1*01:03:01	DPA1*01:03:01	DPB1*104:01	DPB1*04:01:01	DQA1*03:03:01	DQA1*01:01:01	DQB1*05:01:01	DQB1*03:01:01	DRA*01:01:01	DRA*01:01:01	DRB1*04:01:01	DRB1*01:01:01	E*01:01:01	E*01:01:01	F*01:01:01	F*01:01:01	H*01:01:01	H*02:01:01	K*01:01:01	K*01:02	L*01:02	L*01:02	DOB*01:01:01	DOB*01:01:01						
R19_109_S1_L001_R2_001	A*01:01:01	A*03:02:01	B*08:01:01	B*08:01:01	C*07:01:01	C*07:02:01	DMA*01:01:01	DMA*01:01:01	DMB*01:01:01	DMB*01:01:01	DOA*01:01:01	DOA*01:01:02	DPA1*01:03:01	DPA1*02:01:02	DPB1*01:01:01	DPB1*06:01	DQA1*05:01:01	DQA1*05:01:01	DQB1*02:01:01	DQB1*02:01:01	DRA*01:01:01	DRA*01:02:02	DRB1*03:01:01	DRB1*03:01:01	E*01:01:01	E*01:01:01	F*01:03:01	F*01:01:01	H*02:01:01	H*02:04	K*01:01:01	K*01:01:01	L*01:02	L*01:02	DOB*01:01:01	DOB*01:01:03	DRB3*01:01:02	DRB3*02:02:01				
R20_121_S1_L001_R2_001	A*01:01:01	A*02:06:01	B*08:01:01	B*15:18:01	C*07:01:01	C*07:04:01	DMA*01:01:01	DMA*01:01:01	DMB*01:03:01	DMB*01:01:01	DOA*01:01:01	DOA*01:01:02	DPA1*01:03:01	DPA1*01:03:01	DPB1*02:01:02	DPB1*04:01:01	DQA1*05:01:01	DQA1*01:01:01	DQB1*05:01:01	DQB1*02:01:01	DRA*01:01:01	DRA*01:02:02	DRB1*01:01:01	DRB1*03:01:01	E*01:01:01	E*01:01:01	F*01:01:01	F*01:01:01	H*01:01:01	H*02:01:01	K*01:01:01	K*01:02	L*01:02	L*01:02	DOB*01:01:01	DOB*01:01:01	DRB3*01:01:02	DRB3*01:01:02				
R20_122_S1_L001_R2_001	A*31:01:02	A*68:01:01	B*27:05:02	B*40:01:02	C*02:02:02	C*03:04:01	DMA*01:01:01	DMA*01:01:01	DMB*01:01:01	DMB*01:01:01	DOA*01:01:01	DOA*01:01:02	DPA1*01:03:01	DPA1*01:03:01	DPB1*03:01:01	DPB1*04:01:01	DQA1*03:01:01	DQA1*03:03:01	DQB1*03:02:01	DQB1*03:02:01	DRA*01:01:01	DRA*01:01:01	DRB1*04:01:01	DRB1*04:04:01	E*01:01:01	E*01:01:01	F*01:01:01	F*01:01:01	H*02:03	H*02:06	K*01:01:01	K*01:01:01	L*01:02	L*01:02	DOB*01:04:01	DOB*01:01:01						
R20_127_S1_L001_R2_001	A*01:01:01	A*02:01:01	B*08:01:01	B*27:05:02	C*07:01:01	C*02:02:02	DMA*01:01:01	DMA*01:01:01	DMB*01:07	DMB*01:01:01	DOA*01:01:01	DOA*01:01:01	DPA1*01:03:01	DPA1*02:01:01	DPB1*09:01:01	DPB1*04:01:01	DQA1*05:01:01	DQA1*01:01:01	DQB1*05:01:01	DQB1*02:01:01	DRA*01:01:01	DRA*01:02:02	DRB1*01:01:01	DRB1*03:01:01	E*01:01:01	E*01:01:01	F*01:01:01	F*01:01:01	H*01:01:01	H*02:01:01	K*01:01:01	K*01:02	L*01:02	L*01:02	DOB*01:01:03	DOB*01:01:03	DRB3*01:01:02	DRB3*01:01:02			G*01:01:01	G*01:01:01
R18_105_S1_L001_R2_001	A*01:01:01	A*03:01:01	B*08:01:01	B*15:01:01	C*07:01:01	C*03:04:01	DMA*01:01:01	DMA*01:01:01	DMB*01:03:01	DMB*01:01:01	DOA*01:01:02	DOA*01:01:02	DPA1*01:03:01	DPA1*02:01:02	DPB1*01:01:01	DPB1*04:01:01	DQA1*03:01:01	DQA1*05:01:01	DQB1*02:01:01	DQB1*03:02:01	DRA*01:01:01	DRA*01:02:02	DRB1*04:01:01	DRB1*03:01:01	E*01:01:01	E*01:03:02	F*01:03:01	F*01:01:01	H*02:01:01	H*02:04	K*01:01:01	K*01:01:01	L*01:02	L*01:02			DRB3*01:01:02	DRB3*01:01:02				
R18_103_S1_L001_R2_001	A*01:01:01	A*11:01:01	B*08:01:01	B*51:01:01	C*15:02:01	C*07:01:01	DMA*01:01:01	DMA*01:01:01	DMB*01:03:01	DMB*01:01:01	DOA*01:01:04	DOA*01:01:04	DPA1*01:03:01	DPA1*01:03:01	DPB1*04:01:01	DPB1*04:01:01	DQA1*03:01:01	DQA1*05:01:01	DQB1*02:01:01	DQB1*03:02:01	DRA*01:01:01	DRA*01:02:02	DRB1*04:04:01	DRB1*03:01:01	E*01:01:01	E*01:01:01	F*01:01:01	F*01:01:02	H*02:04	H*02:06	K*01:01:01	K*01:01:01	L*01:02	L*01:02			DRB3*01:01:02	DRB3*01:01:02				
R19_206_S1_L001_R2_001	A*02:01:01	A*02:01:01	B*15:01:01	B*15:01:01	C*03:03:01	C*03:04:01	DMA*01:01:01	DMA*01:01:01	DMB*01:01:01	DMB*01:01:01	DOA*01:01:01	DOA*01:01:02	DPA1*01:03:01	DPA1*01:03:01	DPB1*04:01:01	DPB1*04:01:01	DQA1*03:01:01	DQA1*01:02:01	DQB1*06:02:01	DQB1*03:02:01	DRA*01:01:01	DRA*01:02:03	DRB1*04:01:01	DRB1*15:01:01	E*01:01:01	E*01:03:02	F*01:01:01	F*01:01:01			K*01:02	K*01:02	L*01:02	L*01:02					DRB5*01:01:01	DRB5*01:01:01		
R20_304_S1_L001_R2_001	A*03:01:01	A*03:01:01	B*07:02:01	B*15:01:01	C*07:02:01	C*03:03:01	DMA*01:01:01	DMA*01:01:01	DMB*01:03:01	DMB*01:01:01	DOA*01:01:01	DOA*01:01:04	DPA1*01:03:01	DPA1*01:03:01	DPB1*04:02:01	DPB1*104:01	DQA1*03:01:01	DQA1*03:01:01	DQB1*03:02:01	DQB1*03:02:01	DRA*01:01:01	DRA*01:01:01	DRB1*04:01:01	DRB1*04:02:01	E*01:06	E*01:03:02	F*01:03:01	F*01:03:01	H*02:04	H*02:04	K*01:01:01	K*01:01:01	L*01:02	L*01:02	DOB*01:01:01	DOB*01:01:01						
R19_118_S1_L001_R2_001	A*33:03:01	A*02:01:01	B*08:01:01	B*58:01:01	C*07:01:01	C*03:02:02	DMA*01:01:01	DMA*01:01:01	DMB*01:01:01	DMB*01:01:01	DOA*01:01:01	DOA*01:01:02	DPA1*01:03:01	DPA1*02:01:02	DPB1*01:01:01	DPB1*04:01:01	DQA1*03:01:01	DQA1*05:01:01	DQB1*02:01:01	DQB1*03:02:01	DRA*01:01:01	DRA*01:02:02	DRB1*04:01:01	DRB1*03:01:01	E*01:01:01	E*01:01:01	F*01:01:01	F*01:01:02	H*01:01:01	H*02:04	K*01:01:01	K*01:02	L*01:02	L*01:02			DRB3*01:01:02	DRB3*01:01:02				
R20_302_S1_L001_R2_001	A*03:01:01	A*02:01:01	B*40:01:02	B*27:05:02	C*02:02:02	C*03:04:01	DMA*01:01:01	DMA*01:01:01	DMB*01:01:01	DMB*01:01:01	DOA*01:01:02	DOA*01:01:02	DPA1*01:03:01	DPA1*02:01:01	DPB1*10:01:01	DPB1*04:01:01	DQA1*03:01:01	DQA1*01:01:01	DQB1*05:01:01	DQB1*03:02:01	DRA*01:01:01	DRA*01:01:01	DRB1*01:01:01	DRB1*04:04:01	E*01:03:01	E*01:03:02	F*01:03:01	F*01:01:01	H*01:01:01	H*02:04	K*01:01:01	K*01:02	L*01:02	L*01:02					DRB5*01:01:01	DRB5*01:01:01		
R18_214_S1_L001_R2_001	A*01:01:01	A*24:02:01	B*58:01:01	B*58:01:01	C*07:04:01	C*03:02:02	DMA*01:01:01	DMA*01:01:01	DMB*01:03:01	DMB*01:01:01	DOA*01:01:02	DOA*01:01:02	DPA1*01:03:01	DPA1*01:03:01	DPB1*02:01:02	DPB1*04:01:01	DQA1*03:01:01	DQA1*03:01:01	DQB1*03:02:01	DQB1*03:02:01	DRA*01:01:01	DRA*01:01:01	DRB1*04:04:01	DRB1*04:04:01	E*01:06	E*01:01:01	F*01:01:01	F*01:01:01					L*01:02	L*01:02								
R20_126_S1_L001_R2_001	A*30:04:01	A*25:01:01	B*41:01:01	B*18:01:01	C*17:01:01	C*12:03:01	DMA*01:01:01	DMA*01:01:01	DMB*01:01:01	DMB*01:01:01	DOA*01:01:02	DOA*01:01:02	DPA1*01:03:01	DPA1*01:03:01	DPB1*104:01	DPB1*02:01:02	DQA1*03:01:01	DQA1*03:01:01	DQB1*02:01:01	DQB1*03:02:01	DRA*01:01:01	DRA*01:01:01	DRB1*04:01:01	DRB1*03:01:01	E*01:01:01	E*01:01:01	F*01:03:01	F*01:01:01	H*01:02	H*02:05	K*01:01:01	K*01:01:01	L*01:02	L*01:02	DOB*01:01:01	DOB*01:01:01	DRB3*02:02:01	DRB3*02:02:01				
